{"cameraMode":{"drawMode":0,"name":"Shaded","section":"Shading Mode"},"sceneLighting":false,"audioPlay":false,"sceneViewState":{"m_AlwaysRefresh":false,"showFog":true,"showSkybox":false,"showFlares":true,"showImageEffects":true,"showParticleSystems":true,"showVisualEffectGraphs":true,"m_FxEnabled":true},"in2DMode":false,"pivot":{"x":-3.910487174987793,"y":16.091251373291017,"z":-48.02265930175781},"rotation":{"x":0.05128416419029236,"y":0.0025157786440104248,"z":-0.00016111064178403467,"w":0.9987093210220337},"size":3.2309579849243166,"orthographic":false}